"id","name","colors","cmc","type","rarity","image_url","original_text","subtype"
"004adf9a-b59a-5d56-9093-df73b9929bb1","Festering Goblin","[""B""]",1,"Creature — Zombie Goblin","Common","","",""
"01248698-729b-5a69-ba8c-f1686a181abb","Rootwalla","[""G""]",3,"Creature — Lizard","Common","","",""
"01d6c876-b6e6-5534-8bef-42862a9cd839","Thrull Surgeon","[""B""]",2,"Creature — Thrull","Uncommon","","",""
"01e48603-fbf2-5178-92d2-3d6c9944f4b5","Fountain of Youth","null",0,"Artifact","Uncommon","","",""
"022ee2d2-d02b-580e-a549-ed9555ef9153","Persuasion","[""U""]",5,"Enchantment — Aura","Uncommon","","",""
"02aa05a4-ff94-5bda-8ad7-24f00bd19ec4","Firebreathing","[""R""]",1,"Enchantment — Aura","Common","","",""
"02e23fa1-b2f0-528c-b331-12a0c27bc5eb","Holy Day","[""W""]",1,"Instant","Common","","",""
"033917bc-01f6-5202-93af-d56bde440b45","Giant Spider","[""G""]",4,"Creature — Spider","Common","","",""
"03b06cf7-aa45-504c-b4af-ceefce384f25","Howling Mine","null",2,"Artifact","Rare","","",""
"053c8559-8ab8-5a1a-9444-6140b41470c4","Plains","null",0,"Basic Land — Plains","Common","","",""
"06058b88-09c6-5475-a4b3-a72df2a7bea0","Spellbook","null",0,"Artifact","Uncommon","","",""
"062e0ec2-391d-5394-a5d6-04dbc467751f","Blanchwood Armor","[""G""]",3,"Enchantment — Aura","Uncommon","","",""
"06af24c4-9cbe-5c8f-9c22-63273cf74ce6","Orcish Artillery","[""R""]",3,"Creature — Orc Warrior","Uncommon","","",""
"0720c621-c070-5870-b4d7-40d2cae2cb5f","Razormane Masticore","null",5,"Artifact Creature — Masticore","Rare","","",""
"08099cff-a271-54f1-942e-2fe7101c7bac","Anaba Bodyguard","[""R""]",4,"Creature — Minotaur","Common","","",""
"08548840-8e62-5fed-b432-f2a5a0cb5f4e","Heart of Light","[""W""]",3,"Enchantment — Aura","Common","","",""
"08a671f0-ea90-531e-bbeb-c00793a57672","Paladin en-Vec","[""W""]",3,"Creature — Human Knight","Rare","","",""
"0a8f1091-c245-5569-b121-ffd0a50008b5","The Hive","null",5,"Artifact","Rare","","",""
"0af7633e-8851-5afa-8611-fb3272f05fef","Plague Wind","[""B""]",9,"Sorcery","Rare","","",""
"0b5e3059-787a-555f-9bb3-38db93233ab0","Civic Wayfinder","[""G""]",3,"Creature — Elf Druid Warrior","Common","","",""
"0bcc33de-dce2-556f-9bdc-080f7ae67529","Karplusan Forest","null",0,"Land","Rare","","",""
"0bd38891-1832-51a7-a311-efd7a4442f77","Kavu Climber","[""G""]",5,"Creature — Kavu","Common","","",""
"0bd58de8-5807-55d0-a5ad-ebe42f2f1ebc","Skyhunter Skirmisher","[""W""]",3,"Creature — Cat Knight","Uncommon","","",""
"0c77c055-2d74-5328-b3b1-eb4f9e1ad63f","Lightning Elemental","[""R""]",4,"Creature — Elemental","Common","","",""
"0c960d75-fd2e-5a5a-ba78-58e10530fea0","Megrim","[""B""]",3,"Enchantment","Uncommon","","",""
"0cc99e92-fbb3-52d1-909c-ee619996e795","Underground River","null",0,"Land","Rare","","",""
"0d2a4e1d-cc12-5675-8044-9a7bc7d60050","Benalish Knight","[""W""]",3,"Creature — Human Knight","Common","","",""
"0d2b2057-eb16-5435-aea9-61b3038ae9b2","Vedalken Mastermind","[""U""]",2,"Creature — Vedalken Wizard","Uncommon","","",""
"0d3888b4-3eb2-5cb5-b7de-0c8a3257f0cc","Sunken Hope","[""U""]",5,"Enchantment","Rare","","",""
"0da4a2a0-4d13-5c8a-bdff-12b67070798e","Spirit Link","[""W""]",1,"Enchantment — Aura","Uncommon","","",""
"0dea6b2e-25bc-5c31-aa1b-a7690af6b853","Aggressive Urge","[""G""]",2,"Instant","Common","","",""
"0ead5084-cdde-5f7e-a60b-1a0b9f64a995","Twincast","[""U""]",2,"Instant","Rare","","",""
"0f3d794f-2e02-5fa8-b9a7-8ffa74f9615d","Spawning Pool","null",0,"Land","Uncommon","","",""
"0f95923c-e501-52ed-9666-5e73c531c642","Faerie Conclave","null",0,"Land","Uncommon","","",""
"100f46ae-e457-5491-b5d1-66cd9284304c","Evacuation","[""U""]",5,"Instant","Rare","","",""
"1102852c-8ade-5273-b9a3-4acb8ad97060","Shivan Dragon","[""R""]",6,"Creature — Dragon","Rare","","",""
"11727081-4070-56db-8162-b970dd7f94bc","Adarkar Wastes","null",0,"Land","Rare","","",""
"12458b60-30cf-5ce8-aa7d-89c8a75575e6","Shivan Hellkite","[""R""]",7,"Creature — Dragon","Rare","","",""
"126a046f-002e-50d8-ad2b-45973a624639","Might Weaver","[""G""]",2,"Creature — Human Wizard","Uncommon","","",""
"1430ebef-2e40-57ce-8801-2f94b05d027e","Graveborn Muse","[""B""]",4,"Creature — Zombie Spirit","Rare","","",""
"14878086-100b-5658-a753-571278cbb546","Yavimaya Enchantress","[""G""]",3,"Creature — Human Druid","Uncommon","","",""
"15139516-eb75-5f45-b35f-3372217cfc95","Llanowar Wastes","null",0,"Land","Rare","","",""
"154824ca-2444-5562-927f-cedddab5a8aa","Troll Ascetic","[""G""]",3,"Creature — Troll Shaman","Rare","","",""
"16342dc0-7314-5c08-a076-eeeb1956b7f3","Wall of Fire","[""R""]",3,"Creature — Wall","Uncommon","","",""
"16b6100b-950e-567e-a815-603b78f526e0","Leonin Scimitar","null",1,"Artifact — Equipment","Uncommon","","",""
"178922c9-620a-5eaa-8391-8216ec579232","Leonin Scimitar","null",1,"Artifact — Equipment","Uncommon","","",""
"18bacc5a-3ca0-5b72-bacb-ea98e6036c42","Ornithopter","null",0,"Artifact Creature — Thopter","Uncommon","","",""
"18db55ad-e62f-5c76-a6b8-743378d6ea38","Sky Weaver","[""U""]",2,"Creature — Metathran Wizard","Uncommon","","",""
"1aac00c8-3b6e-5bdd-9fde-6cfcbc7837c0","Boomerang","[""U""]",2,"Instant","Common","","",""
"1afcbee1-1310-5144-86ea-e7bf0fb34d2b","Mobilization","[""W""]",3,"Enchantment","Rare","","",""
"1b122375-8e96-5a83-969a-2d772eceba4d","Viashino Sandscout","[""R""]",2,"Creature — Viashino Scout","Common","","",""
"1bd70275-068f-5ec2-bc8e-4c5817a1e625","Drudge Skeletons","[""B""]",2,"Creature — Skeleton","Uncommon","","",""
"1c1fe501-7af9-5df6-9b1e-7187f5445d85","Viashino Sandscout","[""R""]",2,"Creature — Viashino Scout","Common","","",""
"1cc6e0b9-e297-5ea0-9e51-d6fbd4fe512c","Rhox","[""G""]",6,"Creature — Rhino Beast","Rare","","",""
"1ebad7f2-d761-56b8-81ae-1e0225968026","Enormous Baloth","[""G""]",7,"Creature — Beast","Uncommon","","",""
"1ee00edc-c888-5ad2-b591-e1810ca7ce59","Primal Rage","[""G""]",2,"Enchantment","Uncommon","","",""
"1fcd5586-bd5b-5fe1-8875-c167a6137d39","Regeneration","[""G""]",2,"Enchantment — Aura","Uncommon","","",""
"204da544-dd71-552f-9bbd-bdb2cfa01964","Seedborn Muse","[""G""]",5,"Creature — Spirit","Rare","","",""
"206c4a07-1442-5fee-acd8-7a8a00da57a4","Mahamoti Djinn","[""U""]",6,"Creature — Djinn","Rare","","",""
"2081f76c-b206-5d08-a191-fcb60723b9fa","Thieving Magpie","[""U""]",4,"Creature — Bird","Uncommon","","",""
"20eaaca9-d27f-5521-a9f3-a6b1fcfab114","Stampeding Wildebeests","[""G""]",4,"Creature — Antelope Beast","Uncommon","","",""
"2137fcba-c774-53da-b051-321a3fcf8f2d","Terramorphic Expanse","null",0,"Land","Common","","",""
"214dbfe9-0f16-5b6b-be30-8771192a89ec","Paladin en-Vec","[""W""]",3,"Creature — Human Knight","Rare","","",""
"21edc41a-e830-58d0-80b5-85eabe32d0d7","Mirri, Cat Warrior","[""G""]",3,"Legendary Creature — Cat Warrior","Rare","","",""
"222c5769-1eff-5539-a79e-33d1db864d6c","Regeneration","[""G""]",2,"Enchantment — Aura","Uncommon","","",""
"22578321-9dba-5729-ade5-69c7b61f77fa","Birds of Paradise","[""G""]",1,"Creature — Bird","Rare","","",""
"23aabc91-9146-5367-9cce-4fe955861abb","Robe of Mirrors","[""U""]",1,"Enchantment — Aura","Common","","",""
"23d4bb2e-1ed1-5f22-8b08-bbdc15dcb31e","Scion of the Wild","[""G""]",3,"Creature — Avatar","Rare","","",""
"23e48622-2895-5385-99a4-892c93a5d3d2","Royal Assassin","[""B""]",3,"Creature — Human Assassin","Rare","","",""
"2443b453-cb6e-5981-b7ff-3bb6ecb06c3e","Jayemdae Tome","null",4,"Artifact","Rare","","",""
"2562f5f1-4de2-5834-a9ff-99092380d910","Contaminated Bond","[""B""]",2,"Enchantment — Aura","Common","","",""
"25634111-8644-5d96-9e23-3b00c2ea0ed5","Shivan Hellkite","[""R""]",7,"Creature — Dragon","Rare","","",""
"26180f1b-41a1-5fa5-9f6b-39ee08a1a203","Consume Spirit","[""B""]",2,"Sorcery","Uncommon","","",""
"261c0ce9-13d9-58e2-922b-d4068ff4d743","Skyhunter Skirmisher","[""W""]",3,"Creature — Cat Knight","Uncommon","","",""
"265e33a7-c32f-5177-8b16-8998931bc8a4","Lightning Elemental","[""R""]",4,"Creature — Elemental","Common","","",""
"26fc6830-a092-5e24-9b58-97f4c38f3e7c","Pacifism","[""W""]",2,"Enchantment — Aura","Common","","",""
"274c6a91-31d3-5adb-8707-3edca2cb62b6","Phage the Untouchable","[""B""]",7,"Legendary Creature — Avatar Minion","Rare","","",""
"27745694-8868-5240-aa72-cdb326bd1e90","Telling Time","[""U""]",2,"Instant","Uncommon","","",""
"27d4596d-3c6c-5d6e-a978-424044a468d4","Unholy Strength","[""B""]",1,"Enchantment — Aura","Common","","",""
"284ed7cc-8917-5005-bfa9-e7c61b1fb85e","Peek","[""U""]",1,"Instant","Common","","",""
"285ed705-6771-5dc8-8076-c252fe984278","Severed Legion","[""B""]",3,"Creature — Zombie","Common","","",""
"28e56ac7-6a09-5118-9ade-6755b051bc0b","Birds of Paradise","[""G""]",1,"Creature — Bird","Rare","","",""
"29723d8d-34c9-5009-8b79-2c679e35f674","Ambassador Laquatus","[""U""]",3,"Legendary Creature — Merfolk Wizard","Rare","","",""
"2b887770-1bb2-5ded-9340-1f703007efc5","Kamahl, Pit Fighter","[""R""]",6,"Legendary Creature — Human Barbarian","Rare","","",""
"2bbaf3d6-9fbc-5ab8-93d3-d26e2ddec999","Dehydration","[""U""]",4,"Enchantment — Aura","Common","","",""
"2bf3fff9-15c9-5cda-9a04-d0ea22180c77","Warrior's Honor","[""W""]",3,"Instant","Common","","",""
"2c6cd5b8-2f45-5ce2-9e60-6b381d8c88c9","Quirion Dryad","[""G""]",2,"Creature — Dryad","Rare","","",""
"2c7b2887-e138-547b-804a-c02ce8c51de6","The Hive","null",5,"Artifact","Rare","","",""
"2d080e75-7e1b-5f75-9c8f-18d02a4710dd","Drudge Skeletons","[""B""]",2,"Creature — Skeleton","Uncommon","","",""
"2e21d91d-3970-503f-b36a-e2b0e37fb3ee","Island","null",0,"Basic Land — Island","Common","","",""
"2f39f144-a02a-5017-a45a-4a3cfc2c7a36","Joiner Adept","[""G""]",2,"Creature — Elf Druid","Rare","","",""
"2f9c211e-1869-5b3f-94ea-f73b7910a5af","Demystify","[""W""]",1,"Instant","Common","","",""
"307db1e5-c643-578c-9e1d-718dd92694d7","Rushwood Dryad","[""G""]",2,"Creature — Dryad","Common","","",""
"312306e1-001c-50b8-9a24-249bd40cfae3","Femeref Archers","[""G""]",3,"Creature — Human Archer","Uncommon","","",""
"31bd4e75-e2c5-5252-a7ff-4eb2a99a4a44","Island","null",0,"Basic Land — Island","Common","","",""
"31ecdb2e-eec0-56fb-9a12-7af9069f3673","Phyrexian Vault","null",3,"Artifact","Uncommon","","",""
"33bdbf35-7ded-53cd-b02c-48d1bb62ed04","Naturalize","[""G""]",2,"Instant","Common","","",""
"341f9c8d-a838-58f9-933b-094c8d889a88","Reya Dawnbringer","[""W""]",9,"Legendary Creature — Angel","Rare","","",""
"34f1354b-31a3-5ff2-8ee3-70df534c7b1b","Canopy Spider","[""G""]",2,"Creature — Spider","Common","","",""
"3616d597-cbda-5839-9478-85b8e18d0011","Mortal Combat","[""B""]",4,"Enchantment","Rare","","",""
"36fcaa1e-64e3-56e3-950c-907db167e41f","Heart of Light","[""W""]",3,"Enchantment — Aura","Common","","",""
"373a5b22-c165-5533-aa12-893f13cc06d2","Gaea's Herald","[""G""]",2,"Creature — Elf","Rare","","",""
"3785490a-01f5-511d-b471-60b1209b3d4f","Chromatic Star","null",1,"Artifact","Uncommon","","",""
"37f0071d-09b9-5fdc-a5de-52061a01cb64","Nekrataal","[""B""]",4,"Creature — Human Assassin","Uncommon","","",""
"381e8d26-d8ca-5755-ba19-5fba857a7920","Snapping Drake","[""U""]",4,"Creature — Drake","Common","","",""
"38513fa0-ea83-5642-8ecd-4f0b3daa6768","Abundance","[""G""]",4,"Enchantment","Rare","","",""
"39adc884-8e24-572d-ad54-74561b1cb139","Sift","[""U""]",4,"Sorcery","Common","","",""
"39afdeca-0f97-5d0a-ac7f-af0ae4d75b76","Loxodon Warhammer","null",3,"Artifact — Equipment","Rare","","",""
"39b50224-8305-56dd-9849-09deecb07d20","Reviving Dose","[""W""]",3,"Instant","Common","","",""
"39f4ab79-50be-53cd-b422-354d0b320126","Hill Giant","[""R""]",4,"Creature — Giant","Common","","",""
"3a76f884-3f71-5dbd-8ac8-6bb24e72704d","Dragon's Claw","null",2,"Artifact","Uncommon","","",""
"3b77bb52-4181-57f5-b3cd-f3a15b95aa29","Angelic Chorus","[""W""]",5,"Enchantment","Rare","","",""
"3c0d065a-4aa4-55f4-bc11-bd326d23e5a6","Wrath of God","[""W""]",4,"Sorcery","Rare","","",""
"3c25757c-4c47-5685-a14d-dcabb08fc79b","Scoria Wurm","[""R""]",5,"Creature — Wurm","Rare","","",""
"3c265fdb-4a70-5ee7-ba8e-a67eac8d7b25","Thieving Magpie","[""U""]",4,"Creature — Bird","Uncommon","","",""
"3c6b79b0-1a84-5584-83c6-954430868f62","Voice of All","[""W""]",4,"Creature — Angel","Rare","","",""
"3d407269-4586-51e3-9da6-298d65aff831","Plains","null",0,"Basic Land — Plains","Common","","",""
"3e72aae2-58f2-5c9f-9450-cbbb7e2c0111","Rhox","[""G""]",6,"Creature — Rhino Beast","Rare","","",""
"3f736237-5bba-5b24-8fc5-ad279eec8c1b","Lavaborn Muse","[""R""]",4,"Creature — Spirit","Rare","","",""
"3f809288-0eaa-5f55-8144-483ed8ea810c","Loyal Sentry","[""W""]",1,"Creature — Human Soldier","Rare","","",""
"404d6f98-eefb-5dea-8e81-aed2b5956437","Mahamoti Djinn","[""U""]",6,"Creature — Djinn","Rare","","",""
"40c181b0-a2d6-54de-ab55-3a09b0b3750b","Spined Wurm","[""G""]",5,"Creature — Wurm","Common","","",""
"410efb52-131f-5288-8bc5-a9c4a1e7bef9","Mirri, Cat Warrior","[""G""]",3,"Legendary Creature — Cat Warrior","Rare","","",""
"41b6098d-f7d9-5a37-9734-01dff7ce4912","Shimmering Wings","[""U""]",1,"Enchantment — Aura","Common","","",""
"41e69f7f-cf4a-5f5e-a5ce-5ef73900a9d9","Razormane Masticore","null",5,"Artifact Creature — Masticore","Rare","","",""
"42022e6f-e123-54a6-84df-ec826b13f5be","Dusk Imp","[""B""]",3,"Creature — Imp","Common","","",""
"4405f887-4eb7-5e3e-874d-1bfe79ec0ada","Horseshoe Crab","[""U""]",3,"Creature — Crab","Common","","",""
"4429ce97-b78e-5bc4-bd34-a38b26794bdf","Agonizing Memories","[""B""]",4,"Sorcery","Uncommon","","",""
"4492a8f1-a2bf-581a-9ee0-e488f9241c88","Fugitive Wizard","[""U""]",1,"Creature — Human Wizard","Common","","",""
"46743f03-e0a4-5976-8d42-c3b698384b4e","True Believer","[""W""]",2,"Creature — Human Cleric","Rare","","",""
"46a7e3a9-4e93-5d73-b35e-6ad63cc195cf","Merfolk Looter","[""U""]",2,"Creature — Merfolk Rogue","Common","","",""
"47432616-5812-59fd-b90e-88dadd613161","Platinum Angel","null",7,"Artifact Creature — Angel","Rare","","",""
"4798151f-368c-5c06-910b-f0f63c2ec88b","Spark Elemental","[""R""]",1,"Creature — Elemental","Uncommon","","",""
"47fe8296-36c6-5338-b239-9fa0cceba156","Sengir Vampire","[""B""]",5,"Creature — Vampire","Rare","","",""
"48792ac1-73cf-5a28-bf61-949b5950d881","Wall of Air","[""U""]",3,"Creature — Wall","Uncommon","","",""
"49383392-e722-56a9-afd0-c531ecb05310","Doubling Cube","null",2,"Artifact","Rare","","",""
"49f64f3e-f0ff-5d4c-a730-5ea919857d82","Doomed Necromancer","[""B""]",3,"Creature — Human Cleric Mercenary","Rare","","",""
"4afd939d-f7b3-5807-bcc9-c2d7d4ac3ff9","Legacy Weapon","null",7,"Legendary Artifact","Rare","","",""
"4b135a97-07ad-5cb0-a130-c5900ea1791a","Lava Axe","[""R""]",5,"Sorcery","Common","","",""
"4b3673bc-4f31-5877-9710-44d875dcca8a","Swamp","null",0,"Basic Land — Swamp","Common","","",""
"4b375581-c43d-5bd1-b990-a0fa496b8262","Time Stop","[""U""]",6,"Instant","Rare","","",""
"4b7ee21b-ccb2-5590-98d7-146bbe0ba10c","Ornithopter","null",0,"Artifact Creature — Thopter","Uncommon","","",""
"4bdb6002-18d3-5a09-a94c-da7796980b83","Earth Elemental","[""R""]",5,"Creature — Elemental","Uncommon","","",""
"4c1a672a-3089-563f-a852-9580a425dbf1","Hate Weaver","[""B""]",2,"Creature — Zombie Wizard","Uncommon","","",""
"4c708bbf-9168-5fa5-a02e-5ce3bcc6158b","Treetop Bracers","[""G""]",2,"Enchantment — Aura","Common","","",""
"4c9c45db-116c-59e0-a708-d471e38c6361","Vampire Bats","[""B""]",1,"Creature — Bat","Common","","",""
"4c9c5ea9-5bca-5301-a0a2-2680fe75b04a","Stronghold Discipline","[""B""]",4,"Sorcery","Uncommon","","",""
"4cd3a77f-82ac-5204-8f60-b04234d2db30","Mortivore","[""B""]",4,"Creature — Lhurgoyf","Rare","","",""
"4dd68de9-3c96-5c4f-b829-3c5c2c485c55","Recollect","[""G""]",3,"Sorcery","Uncommon","","",""
"4e4cbdec-e2d4-5f31-98a3-f2ef052c849d","Holy Strength","[""W""]",1,"Enchantment — Aura","Common","","",""
"4e82f56f-3533-50af-9d10-b723005d5b35","Treetop Village","null",0,"Land","Uncommon","","",""
"4e83393d-bb3f-5e39-8730-45202587ad47","Pincher Beetles","[""G""]",3,"Creature — Insect","Common","","",""
"4ed247e0-386b-5166-9c99-875d6f82f681","Treetop Village","null",0,"Land","Uncommon","","",""
"4fa9bf42-9170-594e-bbf9-42111adea313","Reminisce","[""U""]",3,"Sorcery","Uncommon","","",""
"4fed8c53-5ff9-51ce-a7a8-2fc629bf3d24","Cloud Elemental","[""U""]",3,"Creature — Elemental","Common","","",""
"4ffc3780-0054-5128-b97e-b19d06b483c6","Wall of Swords","[""W""]",4,"Creature — Wall","Uncommon","","",""
"50c75c75-4a07-5620-9798-5632fadf09e1","Lord of the Pit","[""B""]",7,"Creature — Demon","Rare","","",""
"51106f17-5dd1-5853-b45b-453d83b9d979","Llanowar Elves","[""G""]",1,"Creature — Elf Druid","Common","","",""
"5119e249-f9be-56b3-9deb-72d7cba52ea8","Anaba Bodyguard","[""R""]",4,"Creature — Minotaur","Common","","",""
"515fce14-605b-5768-b743-e8497b583d38","Coat of Arms","null",5,"Artifact","Rare","","",""
"518754bb-441f-5f22-a106-377017a55ccc","Pyroclasm","[""R""]",2,"Sorcery","Uncommon","","",""
"51bf24e5-bfa3-5262-b6c7-b7b6b6d09b83","Upwelling","[""G""]",4,"Enchantment","Rare","","",""
"52c9439c-c1b8-565e-bd8f-9e3203d7a051","Molimo, Maro-Sorcerer","[""G""]",7,"Legendary Creature — Elemental","Rare","","",""
"52d9f396-b080-5da2-b904-302c6f319f94","Sylvan Scrying","[""G""]",2,"Sorcery","Uncommon","","",""
"53d6532f-43a4-5c01-891c-3ff67a49d290","Unholy Strength","[""B""]",1,"Enchantment — Aura","Common","","",""
"546eac7c-1424-597d-ac13-bf8558e88fe3","Glorious Anthem","[""W""]",3,"Enchantment","Rare","","",""
"5543c576-ef2b-59ac-878b-3aff199f27de","Beacon of Destruction","[""R""]",5,"Instant","Rare","","",""
"55492210-8ce6-553c-bdb7-573d824ca3c3","Sudden Impact","[""R""]",4,"Instant","Uncommon","","",""
"556e35e6-ad67-51c6-8580-eda71597a507","Windborn Muse","[""W""]",4,"Creature — Spirit","Rare","","",""
"55bd38ca-dc73-5c06-8f80-a6ddd2f44382","Angelic Blessing","[""W""]",3,"Sorcery","Common","","",""
"564d110e-2a39-5fcb-967a-bacf3a432799","Wall of Wood","[""G""]",1,"Creature — Wall","Common","","",""
"56abb591-a158-5945-8dd6-97664f1c82cc","Warp World","[""R""]",8,"Sorcery","Rare","","",""
"56f4935b-f6c5-59b9-88bf-9bcce20247ce","Beacon of Immortality","[""W""]",6,"Instant","Rare","","",""
"57aaebc1-850c-503d-9f6e-bb8d00d8bf7c","Angel of Mercy","[""W""]",5,"Creature — Angel","Uncommon","","",""
"596a7bd4-895b-5e7c-8124-373fd709444d","Cloud Elemental","[""U""]",3,"Creature — Elemental","Common","","",""
"5a1f3fc3-e970-5408-94ef-e7c78e57000b","Plagiarize","[""U""]",4,"Instant","Rare","","",""
"5a50a7e8-2ed1-5e8a-8867-c96f1186bd47","Dehydration","[""U""]",4,"Enchantment — Aura","Common","","",""
"5ac794d2-4c66-5332-afb1-54b24bc11823","Hurkyl's Recall","[""U""]",2,"Instant","Rare","","",""
"5b975ab5-c9d5-5fd3-a425-27842542683a","Faerie Conclave","null",0,"Land","Uncommon","","",""
"5bd291f0-560a-5046-bd07-a91bd3004f2d","Nightmare","[""B""]",6,"Creature — Nightmare Horse","Rare","","",""
"5c0bbc6b-9f29-5d67-9065-22a1d99ad7e5","Upwelling","[""G""]",4,"Enchantment","Rare","","",""
"5cfbcc15-d710-51d0-b0e8-90e66649839e","Raging Goblin","[""R""]",1,"Creature — Goblin Berserker","Common","","",""
"5d45d146-5a42-502e-affb-71f3e81cf7e0","Fog Elemental","[""U""]",3,"Creature — Elemental","Uncommon","","",""
"5d53a06b-68a0-5d1a-a1a5-a676f16c23dd","Nomad Mythmaker","[""W""]",3,"Creature — Human Nomad Cleric","Rare","","",""
"5e52c0be-d4fa-5f73-8d06-1080da4d0942","Root Maze","[""G""]",1,"Enchantment","Rare","","",""
"5e670818-f7b1-52a6-bc6f-c9eccb8ce3ef","Skyhunter Prowler","[""W""]",3,"Creature — Cat Knight","Common","","",""
"5ef80896-673a-548a-9eaa-05db2cbb07a0","Time Stretch","[""U""]",10,"Sorcery","Rare","","",""
"5f06ccaf-7381-55e6-acb8-99c923d6a3bb","Shivan Dragon","[""R""]",6,"Creature — Dragon","Rare","","",""
"5f8287b1-5bb6-5f4c-ad17-316a40d5bb0c","Ancestor's Chosen","[""W""]",7,"Creature — Human Cleric","Uncommon","","",""
"5fab2f5f-3737-5e5b-b572-26abb094331b","Terror","[""B""]",2,"Instant","Common","","",""
"5ff7b860-8e0f-51a3-a2db-9819417afd06","Sulfurous Springs","null",0,"Land","Rare","","",""
"60122d6f-448b-5df8-ac2a-8f5a1e841278","Nantuko Husk","[""B""]",3,"Creature — Zombie Insect","Uncommon","","",""
"6022d604-c21f-599e-b65e-ff895bc51005","Lord of the Undead","[""B""]",3,"Creature — Zombie","Rare","","",""
"6028cab2-0478-584b-a880-8174a88eb188","Reya Dawnbringer","[""W""]",9,"Legendary Creature — Angel","Rare","","",""
"60961bae-4655-5a6b-843d-f6180c2c310d","March of the Machines","[""U""]",4,"Enchantment","Rare","","",""
"60b93108-8790-591b-844e-c3d311698767","Angelic Wall","[""W""]",2,"Creature — Wall","Common","","",""
"60c34bbe-d318-57e8-9226-c6f4af90c0c4","Overrun","[""G""]",5,"Sorcery","Uncommon","","",""
"60d613d8-fd21-5d63-b920-75c0d3e12121","Furnace Whelp","[""R""]",4,"Creature — Dragon","Uncommon","","",""
"60f49caf-3583-5f85-b4b3-08dca73a8628","High Ground","[""W""]",1,"Enchantment","Uncommon","","",""
"613639f1-7372-5b5c-9109-bef041108023","Creeping Mold","[""G""]",4,"Sorcery","Uncommon","","",""
"61a544c2-1700-500c-b93f-bc292114df3f","Uncontrollable Anger","[""R""]",4,"Enchantment — Aura","Common","","",""
"62365fbb-af07-5c2a-976d-e3092bdfc317","Benalish Knight","[""W""]",3,"Creature — Human Knight","Common","","",""
"65b16f51-24dc-5039-9d54-4a00c387fc82","Plague Beetle","[""B""]",1,"Creature — Insect","Common","","",""
"65e0dbca-81ed-538d-8f71-d5ddc5a927b9","Soul Feast","[""B""]",5,"Sorcery","Uncommon","","",""
"668c64a2-cecb-5f48-af16-d7a64814d3e7","Field Marshal","[""W""]",3,"Creature — Human Soldier","Rare","","",""
"66993685-84dd-5143-9454-8a4028d10a6a","Skyhunter Prowler","[""W""]",3,"Creature — Cat Knight","Common","","",""
"66cdbfaf-8bc2-5313-9c5c-7d422d2e4b0a","Arcane Teachings","[""R""]",3,"Enchantment — Aura","Uncommon","","",""
"67a83049-b3fc-5438-9d37-581ae6f2bcd7","Incinerate","[""R""]",2,"Instant","Common","","",""
"67adcf6f-bf56-5ca8-a3fb-a1045b4fba41","Sage Owl","[""U""]",2,"Creature — Bird","Common","","",""
"68c5cace-080c-55d1-a55a-6c2190479941","Canopy Spider","[""G""]",2,"Creature — Spider","Common","","",""
"6adaf14d-43e3-521a-adf1-960c808e5b1a","Aven Cloudchaser","[""W""]",4,"Creature — Bird Soldier","Common","","",""
"6b754dda-9a6c-5762-ae67-8069101eb4d4","Suntail Hawk","[""W""]",1,"Creature — Bird","Common","","",""
"6b7fba1d-4937-5867-8a77-863ec30d432e","Head Games","[""B""]",5,"Sorcery","Rare","","",""
"6bb35d3c-20f6-5e0e-aea9-cffbef432373","Dragon Roost","[""R""]",6,"Enchantment","Rare","","",""
"6c08e1af-bbb8-5a03-b680-e00e45c68ace","Whispersilk Cloak","null",3,"Artifact — Equipment","Uncommon","","",""
"6c4d1103-3acd-5828-9bf7-77a0b1d405a4","Quicksand","null",0,"Land","Uncommon","","",""
"6c515488-2a63-5b1e-84a4-987b5fa993af","Fog Elemental","[""U""]",3,"Creature — Elemental","Uncommon","","",""
"6c88ef33-31c8-545f-96dc-de46d68bdbc9","Island","null",0,"Basic Land — Island","Common","","",""
"6d030b32-0534-55c9-9c40-00bb59d4e164","Hidden Horror","[""B""]",3,"Creature — Horror","Uncommon","","",""
"6d268c95-c176-5766-9a46-c14f739aba1c","Bandage","[""W""]",1,"Instant","Common","","",""
"6d6a31d5-a80b-5f31-9b46-2c2083a95581","Field Marshal","[""W""]",3,"Creature — Human Soldier","Rare","","",""
"6e2980cb-0c4a-521b-a99f-072533de225e","Hunted Wumpus","[""G""]",4,"Creature — Beast","Uncommon","","",""
"6f08f7f6-ecfb-584f-ae7a-c6e4d9c4da35","Arcanis the Omnipotent","[""U""]",6,"Legendary Creature — Wizard","Rare","","",""
"6f9ae90a-5638-5b88-a3d7-ccea4372eb79","Dreamborn Muse","[""U""]",4,"Creature — Spirit","Rare","","",""
"6fd7afbb-7725-5f7a-91fe-cb578229971a","Rage Weaver","[""R""]",2,"Creature — Human Wizard","Uncommon","","",""
"7069fe50-d855-59ea-b445-e8068cda7559","Deathmark","[""B""]",1,"Sorcery","Uncommon","","",""
"70eb81fd-23fb-521a-9ac3-fae8f0ca5bf0","Relentless Rats","[""B""]",3,"Creature — Rat","Uncommon","","",""
"71fd9f58-2931-5c3c-957c-d98f2ab02862","Gravedigger","[""B""]",4,"Creature — Zombie","Common","","",""
"7248b1c8-b57b-5382-9c5f-4366ed1c254c","Unsummon","[""U""]",1,"Instant","Common","","",""
"725ab389-a7a2-5869-929b-c8e1098b547d","Colossus of Sardia","null",9,"Artifact Creature — Golem","Rare","","",""
"73e8c198-4ba4-5f42-9781-167150eae4be","Loxodon Mystic","[""W""]",5,"Creature — Elephant Cleric","Common","","",""
"74fa21a6-66f3-5395-a95f-19e9f0b1d24b","Sengir Vampire","[""B""]",5,"Creature — Vampire","Rare","","",""
"75578928-5ef3-5c91-87d8-e16191a1764e","Flamewave Invoker","[""R""]",3,"Creature — Goblin Mutant","Uncommon","","",""
"758df5d5-992f-5d30-b6bc-87cb1a0788ab","Aven Fisher","[""U""]",4,"Creature — Bird Soldier","Common","","",""
"75e792c1-d5d9-5712-9462-230fa196f861","Wild Griffin","[""W""]",3,"Creature — Griffin","Common","","",""
"75f33095-04ee-5cfc-b58a-863fc8819ba7","Treetop Bracers","[""G""]",2,"Enchantment — Aura","Common","","",""
"767ee0a4-a8fa-5bce-a948-0a067fa4ba89","Mogg Fanatic","[""R""]",1,"Creature — Goblin","Uncommon","","",""
"76d4f437-02e5-5f1c-a1d3-eddb55e8725d","Air Elemental","[""U""]",5,"Creature — Elemental","Uncommon","","",""
"76ddd7f5-1a84-55d5-98f5-4883c217e0d8","Air Elemental","[""U""]",5,"Creature — Elemental","Uncommon","","",""
"77977762-e1e1-507b-8d59-e9ed6671a926","Plains","null",0,"Basic Land — Plains","Common","","",""
"77ce01d6-3609-519e-a0d4-6ad6770c45e4","Distress","[""B""]",2,"Sorcery","Common","","",""
"7887f1e9-6c2f-5d54-bf8d-8ebbb956fd6b","Molimo, Maro-Sorcerer","[""G""]",7,"Legendary Creature — Elemental","Rare","","",""
"79996e77-112f-51e8-980c-0ec82f2d7754","Holy Strength","[""W""]",1,"Enchantment — Aura","Common","","",""
"799c2ab7-18cb-5be5-92f3-079e27487073","Spitting Earth","[""R""]",2,"Sorcery","Common","","",""
"7b259873-da0b-5e3c-982e-986bf2504820","Twitch","[""U""]",3,"Instant","Common","","",""
"7bd0f6ac-3239-57c5-89a1-f2edc86a4be7","Lure","[""G""]",3,"Enchantment — Aura","Uncommon","","",""
"7cf5654d-d547-50ce-838a-75ff6045fd0f","Mind Bend","[""U""]",1,"Instant","Rare","","",""
"7db42d14-4950-5478-b87c-fbbd93889801","Composite Golem","null",6,"Artifact Creature — Golem","Uncommon","","",""
"7dff9ddf-213e-593d-a007-a72cf6ff925e","Pariah","[""W""]",3,"Enchantment — Aura","Rare","","",""
"7e457744-dd60-5fd0-ae58-1718ef65c1a1","Flowstone Slide","[""R""]",4,"Sorcery","Rare","","",""
"7f1bea50-20c0-51b3-8b2a-ac60f5d31133","Mobilization","[""W""]",3,"Enchantment","Rare","","",""
"7fef665c-36a1-5f7a-9299-cf8938708710","Condemn","[""W""]",1,"Instant","Uncommon","","",""
"80baae17-693b-5662-aad7-071f3b031fad","Crucible of Worlds","null",3,"Artifact","Rare","","",""
"814b54df-221c-5fdb-a516-0fbd438b57a7","Voice of All","[""W""]",4,"Creature — Angel","Rare","","",""
"81bcb781-c127-5def-8c17-ffcc2f09849a","Time Stop","[""U""]",6,"Instant","Rare","","",""
"81daea6a-2735-5a46-a2da-b65a2ad5738f","Cho-Manno, Revolutionary","[""W""]",4,"Legendary Creature — Human Rebel","Rare","","",""
"82306a22-03b6-5cbd-ba72-0002755c4217","March of the Machines","[""U""]",4,"Enchantment","Rare","","",""
"827e7d75-66de-5aee-bae3-517306eb4536","Colossus of Sardia","null",9,"Artifact Creature — Golem","Rare","","",""
"8402d391-a810-5c04-af77-d3fb01dbacca","Bottle Gnomes","null",3,"Artifact Creature — Gnome","Uncommon","","",""
"85245362-de1a-59fd-9f9a-d6a0c9522592","Manabarbs","[""R""]",4,"Enchantment","Rare","","",""
"855f7c1e-d582-5ae3-8f58-00a5c0d77c03","Shatterstorm","[""R""]",4,"Sorcery","Uncommon","","",""
"85e3e30b-c47d-5606-a6fd-0b4a9931de79","Spawning Pool","null",0,"Land","Uncommon","","",""
"85f9f23a-a3ec-527f-aec2-1f0afaba0235","Elvish Champion","[""G""]",3,"Creature — Elf","Rare","","",""
"86b465df-0605-555c-aaa4-303f7e32d4d2","Underworld Dreams","[""B""]",3,"Enchantment","Rare","","",""
"8732b0a8-0c4e-5179-9855-d139dbad85c2","Venerable Monk","[""W""]",3,"Creature — Human Monk Cleric","Common","","",""
"8830d071-858a-534c-ba8f-376dcc56d74e","Looming Shade","[""B""]",3,"Creature — Shade","Common","","",""
"889c7527-2776-59b2-bebe-9b138ceebaef","Commune with Nature","[""G""]",1,"Sorcery","Common","","",""
"889dbfab-bcc2-5a94-ba57-01d229c6dccd","Mortivore","[""B""]",4,"Creature — Lhurgoyf","Rare","","",""
"890a9b49-9cea-500c-80c2-220e38b661fe","Dragon Roost","[""R""]",6,"Enchantment","Rare","","",""
"8ac972b5-9f6e-5cc8-91c3-b9a40a98232e","Aven Cloudchaser","[""W""]",4,"Creature — Bird Soldier","Common","","",""
"8b39d0fc-ddef-5d5a-95fc-975bee2fbe06","Tangle Spider","[""G""]",6,"Creature — Spider","Uncommon","","",""
"8b56bd26-7d38-50f1-b4ce-5b6989081b83","Shunt","[""R""]",3,"Instant","Rare","","",""
"8b63019c-7755-502c-b599-b264b0b12c13","Prodigal Pyromancer","[""R""]",3,"Creature — Human Wizard","Common","","",""
"8c265b98-5ca4-529e-a238-72d5de968dc4","Loxodon Warhammer","null",3,"Artifact — Equipment","Rare","","",""
"8c2f219b-5122-52b2-940c-988c5818d788","Scathe Zombies","[""B""]",3,"Creature — Zombie","Common","","",""
"8d4f5d80-16ea-52cc-8201-93a46b803efb","No Rest for the Wicked","[""B""]",2,"Enchantment","Uncommon","","",""
"8d5006e3-45cb-5d9f-896d-83a22d86d53d","Phantom Warrior","[""U""]",3,"Creature — Illusion Warrior","Uncommon","","",""
"8d5f87fd-7a87-572b-bdce-303effec6b92","Crafty Pathmage","[""U""]",3,"Creature — Human Wizard","Common","","",""
"8d805d91-280e-5c7e-81d2-2676b9ee93b5","Guerrilla Tactics","[""R""]",2,"Instant","Uncommon","","",""
"8dfa8b47-af66-51df-9472-16c2bc4cf8f5","Kraken's Eye","null",2,"Artifact","Uncommon","","",""
"8dfc67e9-8323-5d1f-9e25-9f9394abd5a0","Clone","[""U""]",4,"Creature — Shapeshifter","Rare","","",""
"8e171679-0214-5448-9188-883cfa365c6a","Demolish","[""R""]",4,"Sorcery","Common","","",""
"8ea7f1a9-a15e-5775-af3e-1a56a1e0b098","Elvish Champion","[""G""]",3,"Creature — Elf","Rare","","",""
"8fd4e2eb-3eb4-50ea-856b-ef638fa47f8a","Angel of Mercy","[""W""]",5,"Creature — Angel","Uncommon","","",""
"9075708d-9c83-519c-aa81-465d35078747","Goblin King","[""R""]",3,"Creature — Goblin","Rare","","",""
"90b87b65-7385-596e-bbea-64fe7dd67ed4","Rock Badger","[""R""]",5,"Creature — Badger Beast","Common","","",""
"91ea7dc6-6498-5ecf-853f-0090ae00fbfb","Duct Crawler","[""R""]",1,"Creature — Insect","Common","","",""
"93043613-bd0a-5937-a129-3c089a63ca8a","Primal Rage","[""G""]",2,"Enchantment","Uncommon","","",""
"9370dddd-ba64-53f9-8890-f391ee305326","Bloodrock Cyclops","[""R""]",3,"Creature — Cyclops","Common","","",""
"93c6c384-3214-5eee-ab55-c3bbcfae5472","Craw Wurm","[""G""]",6,"Creature — Wurm","Common","","",""
"93ee4f89-0cd1-50a1-9525-401e2fccd32a","Mass of Ghouls","[""B""]",5,"Creature — Zombie Warrior","Common","","",""
"94cb0244-f6ae-50c5-ba26-fd3f861c3bb0","Tundra Wolves","[""W""]",1,"Creature — Wolf","Common","","",""
"952369f6-d553-558f-8385-5c219c66653b","Midnight Ritual","[""B""]",3,"Sorcery","Rare","","",""
"9626b37d-3a04-5cd6-a636-943981354e2b","Robe of Mirrors","[""U""]",1,"Enchantment — Aura","Common","","",""
"971aa202-f2c4-5c25-a3d0-15156ed0384c","Skyshroud Ranger","[""G""]",1,"Creature — Elf Ranger","Common","","",""
"976585bc-fe72-56aa-b841-c4331d81655f","Telepathy","[""U""]",1,"Enchantment","Uncommon","","",""
"98becc43-123e-5e33-90f0-59318c221f4b","Sculpting Steel","null",3,"Artifact","Rare","","",""
"9932f234-b27f-55df-96be-18b6583ba3df","Furnace of Rath","[""R""]",4,"Enchantment","Rare","","",""
"99be8d57-8eeb-5208-aa32-0a303e000795","Squee, Goblin Nabob","[""R""]",3,"Legendary Creature — Goblin","Rare","","",""
"9a14261a-b567-5429-a5ca-a913e15d8bf7","Righteousness","[""W""]",1,"Instant","Rare","","",""
"9a6b8e1e-1dc7-5807-bafd-bcd4fa1c6401","Soulblast","[""R""]",6,"Instant","Rare","","",""
"9acf4d13-d68f-5fec-93b4-caf0a14725a5","Afflict","[""B""]",3,"Instant","Common","","",""
"9add78c6-3207-5f67-aa15-618adb14497b","Tidings","[""U""]",5,"Sorcery","Uncommon","","",""
"9ae3a282-1852-5b73-8c60-eabca0956349","Bloodfire Colossus","[""R""]",8,"Creature — Giant","Rare","","",""
"9af574e4-dc6e-5246-8fe7-fee6c4c77a76","Cephalid Constable","[""U""]",3,"Creature — Cephalid Wizard","Rare","","",""
"9ba7d620-4e3f-554d-b245-7ad70b63a746","Mind Rot","[""B""]",3,"Sorcery","Common","","",""
"9bee1901-1125-5635-9e22-3b4f37989c37","Honor Guard","[""W""]",1,"Creature — Human Soldier","Common","","",""
"9c0311e8-03c1-527d-9d90-6fa2dba2aae9","Contaminated Bond","[""B""]",2,"Enchantment — Aura","Common","","",""
"9db6f50d-3242-5cbc-9f71-45477f4967df","Sea Monster","[""U""]",6,"Creature — Serpent","Common","","",""
"9e0f4c70-6db0-5798-8307-caf4f98f17f9","Rage Weaver","[""R""]",2,"Creature — Human Wizard","Uncommon","","",""
"9e49c166-9728-5259-b3e9-758b3c1357c6","Windborn Muse","[""W""]",4,"Creature — Spirit","Rare","","",""
"9e583bce-5201-59f8-aa5c-f85c55824f41","Wild Griffin","[""W""]",3,"Creature — Griffin","Common","","",""
"9ecee142-54dd-5a05-8e0d-702467b0ded5","Lure","[""G""]",3,"Enchantment — Aura","Uncommon","","",""
"9f315280-5d52-5dea-a679-a2d97386907e","Pariah","[""W""]",3,"Enchantment — Aura","Rare","","",""
"9f55a614-586a-53dd-881a-d4a9648f2ba8","Elven Riders","[""G""]",5,"Creature — Elf","Uncommon","","",""
"a122a3b0-b686-5b96-a02c-926423c65b13","Shimmering Wings","[""U""]",1,"Enchantment — Aura","Common","","",""
"a139944e-bae3-523b-a29c-4aa3c544e532","Yavimaya Coast","null",0,"Land","Rare","","",""
"a1629073-cd64-5aa4-aca6-4d4e64dff8e2","Wurm's Tooth","null",2,"Artifact","Uncommon","","",""
"a29c83ec-1698-5321-b89f-06b782674335","Plague Beetle","[""B""]",1,"Creature — Insect","Common","","",""
"a2be2e9b-5211-53e6-ac6a-abd65dbcac1d","Samite Healer","[""W""]",2,"Creature — Human Cleric","Common","","",""
"a3bf2c4d-066f-5397-81c6-a18f25d7e7d8","Rampant Growth","[""G""]",2,"Sorcery","Common","","",""
"a3cc9902-7bc8-577c-8c06-477ef8a82bfb","Natural Spring","[""G""]",5,"Sorcery","Common","","",""
"a494d14e-b4c3-5467-8af5-bad8b41da09a","Island","null",0,"Basic Land — Island","Common","","",""
"a4bd6d9a-942d-53a3-8607-2354f86cc810","Steel Golem","null",3,"Artifact Creature — Golem","Uncommon","","",""
"a563f008-ed9f-5fc4-b6aa-1e68d63cb814","Spirit Link","[""W""]",1,"Enchantment — Aura","Uncommon","","",""
"a5e37da8-d36c-5bcb-945d-7be448ddc7ba","Avatar of Might","[""G""]",8,"Creature — Avatar","Rare","","",""
"a6778999-a426-51ea-82d1-749bf98619be","Wall of Wood","[""G""]",1,"Creature — Wall","Common","","",""
"a69b404f-144a-5317-b10e-7d9dce135b24","Ballista Squad","[""W""]",4,"Creature — Human Rebel","Uncommon","","",""
"a778b5ec-ca7e-5e11-92e0-c1a99b8599cd","Thundering Giant","[""R""]",5,"Creature — Giant","Uncommon","","",""
"a807430a-5a37-550c-989f-72d125d7b0c8","Caves of Koilos","null",0,"Land","Rare","","",""
"a840ae9a-5214-52fe-83de-73559845536b","Pincher Beetles","[""G""]",3,"Creature — Insect","Common","","",""
"a9a74d88-7663-5419-a74c-5a28e8642b4f","Deluge","[""U""]",3,"Instant","Uncommon","","",""
"aa1053c3-4b45-5742-beb6-36d9316b204f","Recover","[""B""]",3,"Sorcery","Common","","",""
"aa1c3b14-8a65-55ba-b741-68eef451a922","Hurricane","[""G""]",1,"Sorcery","Rare","","",""
"ab4f32a2-6671-5724-8ce9-6b721a5f2417","Cryoclasm","[""R""]",3,"Sorcery","Uncommon","","",""
"abb362ed-d21a-5b20-929a-9caca69b3dc8","Viridian Shaman","[""G""]",3,"Creature — Elf Shaman","Uncommon","","",""
"ac084dab-6ac0-55fa-94b7-e009fede9012","Bog Wraith","[""B""]",4,"Creature — Wraith","Uncommon","","",""
"ac19e0e0-6d8e-55ad-a7a9-68fd6032eaab","Nomad Mythmaker","[""W""]",3,"Creature — Human Nomad Cleric","Rare","","",""
"ad3f67e9-ab12-5242-a9c8-4a7c3c004934","Goblin Elite Infantry","[""R""]",2,"Creature — Goblin Warrior","Common","","",""
"ad67ee3e-ce9d-5fd4-845b-a1673f717f8b","Lord of the Pit","[""B""]",7,"Creature — Demon","Rare","","",""
"ae68e914-6896-5ee8-af5f-8ea88f5e0200","Spirit Weaver","[""W""]",2,"Creature — Human Wizard","Uncommon","","",""
"aeb1b742-645c-5dab-ba9b-35d51649e074","Aura Graft","[""U""]",2,"Instant","Uncommon","","",""
"afdc12d3-7a55-5b55-b85c-12195718c79a","Millstone","null",2,"Artifact","Rare","","",""
"b00ad339-0cc1-59d4-b8a4-c827b6512b6c","Mind Bend","[""U""]",1,"Instant","Rare","","",""
"b0a0f3ea-f483-53e3-ae41-bdb409141fdf","Citanul Flute","null",5,"Artifact","Rare","","",""
"b159e707-915c-5940-bd70-7f0416cc8def","Fear","[""B""]",2,"Enchantment — Aura","Common","","",""
"b1c3860c-0def-5059-b183-d76ba9a1c93a","Avatar of Might","[""G""]",8,"Creature — Avatar","Rare","","",""
"b1dd04ef-45b8-5aa8-9564-6cd209a8402f","Stun","[""R""]",2,"Instant","Common","","",""
"b1e43df0-d501-5297-9cb4-c84d2a76945d","Pacifism","[""W""]",2,"Enchantment — Aura","Common","","",""
"b240df99-f98a-5450-a3e2-cc0946bb1caa","Stampeding Wildebeests","[""G""]",4,"Creature — Antelope Beast","Uncommon","","",""
"b2f56602-e85a-588f-a4be-40b6e56f44f7","Serra Angel","[""W""]",5,"Creature — Angel","Rare","","",""
"b3de8302-e27e-5553-9ed6-f6a6f5fad14d","Forbidding Watchtower","null",0,"Land","Uncommon","","",""
"b49d7ef1-e841-5647-8590-4857eca7e8bd","Grizzly Bears","[""G""]",2,"Creature — Bear","Common","","",""
"b4f659b7-bef9-527b-95e8-55cc9c444ea4","Persuasion","[""U""]",5,"Enchantment — Aura","Uncommon","","",""
"b5bdfa8c-00ab-5b6a-b97a-ee77ffcbc4e9","Story Circle","[""W""]",3,"Enchantment","Rare","","",""
"b6b8b11d-0406-54e5-aed1-46d1588262e2","Rod of Ruin","null",4,"Artifact","Uncommon","","",""
"b75509f6-c893-54a7-a51e-757066a0b4da","Dusk Imp","[""B""]",3,"Creature — Imp","Common","","",""
"b7c19924-b4bf-56fc-aa73-f586e940bd42","Ancestor's Chosen","[""W""]",7,"Creature — Human Cleric","Uncommon","","",""
"b8a68840-4044-52c0-a14e-0a1c630ba42c","Academy Researchers","[""U""]",3,"Creature — Human Wizard","Uncommon","","",""
"b91e7385-f4a8-5d1b-ac43-23857284e185","Raging Goblin","[""R""]",1,"Creature — Goblin Berserker","Common","","",""
"b9abc758-c583-5d39-b761-9e83496927aa","Furnace Whelp","[""R""]",4,"Creature — Dragon","Uncommon","","",""
"ba1b342b-9a40-5bdb-9a64-e392b752bd76","Troll Ascetic","[""G""]",3,"Creature — Troll Shaman","Rare","","",""
"ba5acf09-98cc-5052-b65e-c5145e92fc1a","Cloud Sprite","[""U""]",1,"Creature — Faerie","Common","","",""
"bb6e511d-3e7f-5dd3-b40c-dbeb09c734f7","Kjeldoran Royal Guard","[""W""]",5,"Creature — Human Soldier","Rare","","",""
"bba43f4e-a9eb-5c89-8389-5935a1fbd8b3","Ascendant Evincar","[""B""]",6,"Legendary Creature — Phyrexian Vampire Noble","Rare","","",""
"bbea1480-68f2-51fb-8ac9-e7c7485f39fc","Demon's Horn","null",2,"Artifact","Uncommon","","",""
"bc3a62a0-3be0-553f-bf42-a10e954c815f","Goblin Sky Raider","[""R""]",3,"Creature — Goblin Warrior","Common","","",""
"bc899285-8adc-5280-92fd-dcf278c76da3","Mantis Engine","null",5,"Artifact Creature — Insect","Uncommon","","",""
"bcc70712-566e-5a6f-8d73-f1ab87c57454","Soul Warden","[""W""]",1,"Creature — Human Cleric","Uncommon","","",""
"be665b02-1cf2-50c6-8861-85da921bc853","Serra Angel","[""W""]",5,"Creature — Angel","Rare","","",""
"bf599cd8-8095-5725-bcca-244b9e69f5d0","Firebreathing","[""R""]",1,"Enchantment — Aura","Common","","",""
"bfed2fdd-d029-545f-88f7-5ab45446cf27","Youthful Knight","[""W""]",2,"Creature — Human Knight","Common","","",""
"c0258169-1e97-55b4-8513-427baf8fe898","Goblin Piker","[""R""]",2,"Creature — Goblin Warrior","Common","","",""
"c0b0e7a5-4252-57f5-8ed0-399d08c0523f","Snapping Drake","[""U""]",4,"Creature — Drake","Common","","",""
"c19bcfc2-fc10-5040-8239-1c193098df47","Hail of Arrows","[""W""]",1,"Instant","Uncommon","","",""
"c206ab94-4325-5766-91d6-62b8f50aeac8","Ascendant Evincar","[""B""]",6,"Legendary Creature — Phyrexian Vampire Noble","Rare","","",""
"c2e79d18-b72d-5219-8418-d0e1f71887c0","Uncontrollable Anger","[""R""]",4,"Enchantment — Aura","Common","","",""
"c31c9d06-507b-59fa-a1bc-402d38a5d9a8","Spiketail Hatchling","[""U""]",2,"Creature — Drake","Uncommon","","",""
"c371ba25-9ad2-5650-af82-98c534ec327a","Rock Badger","[""R""]",5,"Creature — Badger Beast","Common","","",""
"c3808d11-6614-57a9-b4bf-d276aa88f5a8","Elvish Piper","[""G""]",4,"Creature — Elf Shaman","Rare","","",""
"c397d44d-ce30-511a-af0a-3c6a7f977df1","Juggernaut","null",4,"Artifact Creature — Juggernaut","Uncommon","","",""
"c3b8083a-bbe4-524f-8e90-8b8a493152db","Steadfast Guard","[""W""]",2,"Creature — Human Rebel","Common","","",""
"c4823642-08dd-5c10-ae26-ef8d52cf3a43","Plains","null",0,"Basic Land — Plains","Common","","",""
"c5075bc5-ad52-5c59-b764-22bfc4b1c39c","Platinum Angel","null",7,"Artifact Creature — Angel","Rare","","",""
"c5655330-5131-5f40-9d3e-0549d88c6e9e","Angelic Blessing","[""W""]",3,"Sorcery","Common","","",""
"c620a95f-984f-5234-b8f3-a2e359972e85","Hypnotic Specter","[""B""]",3,"Creature — Specter","Rare","","",""
"c63ab08b-7b43-5a3e-bbb8-e69d324b7b1b","Stalking Tiger","[""G""]",4,"Creature — Cat","Common","","",""
"c676dcc1-ff7c-51eb-a878-7e1bb3ee6ce2","Bogardan Firefiend","[""R""]",3,"Creature — Elemental Spirit","Common","","",""
"c6eedc08-9b48-52b9-a9ec-bb0347fd3987","Verdant Force","[""G""]",8,"Creature — Elemental","Rare","","",""
"c6f3da33-27e8-51e4-9859-ef7cb3cdbe61","Assassinate","[""B""]",3,"Sorcery","Common","","",""
"c7e4eda9-dc2e-5243-8a1d-7097e3b2b319","Wall of Air","[""U""]",3,"Creature — Wall","Uncommon","","",""
"c7f34f83-c800-5987-8520-5ae1705871d9","Puppeteer","[""U""]",3,"Creature — Human Wizard","Uncommon","","",""
"c81dca90-b0cf-5ce8-965c-8dbe5a55cc1b","Steadfast Guard","[""W""]",2,"Creature — Human Rebel","Common","","",""
"c84cfe08-d681-58e9-a003-1447f3b6d0f7","True Believer","[""W""]",2,"Creature — Human Cleric","Rare","","",""
"c879e36f-630c-573d-a6a6-25737805752f","Might of Oaks","[""G""]",4,"Instant","Rare","","",""
"ca560ce6-8093-51e9-9b7f-2c11756d6516","Brushland","null",0,"Land","Rare","","",""
"cae5ac32-6265-5615-a060-21fb1a2dea5a","Pithing Needle","null",1,"Artifact","Rare","","",""
"cb833dcb-2d9b-528d-bf47-889102212f44","Relentless Assault","[""R""]",4,"Sorcery","Rare","","",""
"cb865391-5b14-58ce-aa99-b36b83e6377f","Icatian Priest","[""W""]",1,"Creature — Human Cleric","Uncommon","","",""
"cb8e5b8f-706a-5b09-884e-ed32ceeec0fd","Lumengrid Warden","[""U""]",2,"Creature — Human Wizard","Common","","",""
"cdc0805a-73b1-5d98-bff3-4e06e6a1f036","Cone of Flame","[""R""]",5,"Sorcery","Uncommon","","",""
"cdc96814-2f52-5314-80ab-0cff2dcc5054","Cancel","[""U""]",3,"Instant","Common","","",""
"cdf65c48-2ac8-522a-bbcf-2f8165187a18","Sage Owl","[""U""]",2,"Creature — Bird","Common","","",""
"ceb02498-5932-532d-80f3-0f2d892aaed6","Seismic Assault","[""R""]",3,"Enchantment","Rare","","",""
"cfa41bcc-edea-53e6-8aec-e7f9d5d23089","Treasure Hunter","[""W""]",3,"Creature — Human","Uncommon","","",""
"d089fdc1-4d21-58e8-b9c8-23d8b3191fe5","Mind Stone","null",2,"Artifact","Uncommon","","",""
"d15347ac-1e85-5d2a-9979-eef3f15c7376","Giant Growth","[""G""]",1,"Instant","Common","","",""
"d1797b46-68c8-57b9-913e-cca4feb3dae8","Sleeper Agent","[""B""]",1,"Creature — Phyrexian Minion","Rare","","",""
"d1b05ebd-7023-5236-bf3b-470476c6f59a","Ghitu Encampment","null",0,"Land","Uncommon","","",""
"d24cf9a8-91e1-55ae-8f2c-023c8a2a14eb","Elvish Berserker","[""G""]",1,"Creature — Elf Berserker","Common","","",""
"d2a33bcc-4679-54e9-90ad-1387ff8716e2","Wall of Fire","[""R""]",3,"Creature — Wall","Uncommon","","",""
"d38298f2-29e8-57b0-b978-140aa2171cce","Essence Drain","[""B""]",5,"Sorcery","Common","","",""
"d44c9385-588c-50e2-a3fc-2ff233f41086","Whispersilk Cloak","null",3,"Artifact — Equipment","Uncommon","","",""
"d44d44ca-fa5a-59e7-8790-f9b107f6c2f7","Kamahl, Pit Fighter","[""R""]",6,"Legendary Creature — Human Barbarian","Rare","","",""
"d5124438-a5d4-5b3b-88af-d179f4b9c9af","Scalpelexis","[""U""]",5,"Creature — Beast","Rare","","",""
"d68306e2-9877-5987-84b3-12b8234c8eec","Ghost Warden","[""W""]",2,"Creature — Spirit","Common","","",""
"d6fff2c5-c356-543e-9708-3a25de95244a","Nightmare","[""B""]",6,"Creature — Nightmare Horse","Rare","","",""
"d833c453-58c5-5ff6-91b2-f526ca5f808a","Aven Windreader","[""U""]",5,"Creature — Bird Soldier Wizard","Common","","",""
"d899942a-ee50-5305-ab9c-5000f9bb3708","Siege-Gang Commander","[""R""]",5,"Creature — Goblin","Rare","","",""
"d9902515-6292-5a4a-9bde-a7616ad5f0bc","Drudge Skeletons","[""B""]",2,"Creature — Skeleton","Uncommon","","",""
"da0a5791-2fc2-53e4-bc8b-c4d8cd026ded","Angel's Feather","null",2,"Artifact","Uncommon","","",""
"da226026-1ef7-5663-bc44-a1218f8a0b7d","Shock","[""R""]",1,"Instant","Common","","",""
"da8f1e81-fc1f-57f4-b4ec-0c5445a299e8","Chimeric Staff","null",4,"Artifact","Rare","","",""
"db398a18-0d81-50ba-bc86-a7de52a1be7f","Skyhunter Patrol","[""W""]",4,"Creature — Cat Knight","Common","","",""
"db62961f-51de-569a-bfd8-b3f82abf1b18","Skyhunter Patrol","[""W""]",4,"Creature — Cat Knight","Common","","",""
"dc219ada-64b4-5846-9840-e49986109aa9","Serra's Embrace","[""W""]",4,"Enchantment — Aura","Uncommon","","",""
"dd3828b6-8e14-5f19-97f6-7ffdd9ffc91b","Blanchwood Armor","[""G""]",3,"Enchantment — Aura","Uncommon","","",""
"de602e4a-da36-5b49-a2ed-388bcdbfb54f","Might Weaver","[""G""]",2,"Creature — Human Wizard","Uncommon","","",""
"de76ac44-6732-54a1-94a0-e87866b58aa0","Threaten","[""R""]",3,"Sorcery","Uncommon","","",""
"dec9c4f1-455e-56de-aad4-9a1d18cf5588","Battlefield Forge","null",0,"Land","Rare","","",""
"e04a8147-589b-5b9d-8101-50073d47eb87","Ghitu Encampment","null",0,"Land","Uncommon","","",""
"e0d42d12-40a7-54d5-b688-84841a8bc72c","Spiketail Hatchling","[""U""]",2,"Creature — Drake","Uncommon","","",""
"e11ae348-44d1-5d45-bc5c-99a44d2acd5c","Aven Windreader","[""U""]",5,"Creature — Bird Soldier Wizard","Common","","",""
"e2066f75-65de-5254-82f2-8e1f969bf31b","Discombobulate","[""U""]",4,"Instant","Uncommon","","",""
"e24e5e4e-722f-56ff-9555-9b76303fc6be","Spineless Thug","[""B""]",2,"Creature — Phyrexian Zombie Mercenary","Common","","",""
"e35dd1c6-3d00-5d23-898f-aa07be8e98aa","Spark Elemental","[""R""]",1,"Creature — Elemental","Uncommon","","",""
"e3f6afc6-060e-52e1-b537-3dc8039ca113","Thundering Giant","[""R""]",5,"Creature — Giant","Uncommon","","",""
"e43188e9-33c7-5df9-b611-c2d2ddd3d78f","Fists of the Anvil","[""R""]",2,"Instant","Common","","",""
"e451cc8a-2bbe-5850-adc4-fb1b738bcef0","Sky Weaver","[""U""]",2,"Creature — Metathran Wizard","Uncommon","","",""
"e4b4684b-8e14-5fcf-9286-497b7afd5b3a","Aven Fisher","[""U""]",4,"Creature — Bird Soldier","Common","","",""
"e54f8939-0853-5b0b-81b0-a29391bfb9e0","Blaze","[""R""]",1,"Sorcery","Uncommon","","",""
"e553a0fb-cc04-551c-b0f7-f047cf0c2d0c","Sylvan Basilisk","[""G""]",5,"Creature — Basilisk","Uncommon","","",""
"e5b81af3-5518-57ab-b42b-ab62e3732c72","Traumatize","[""U""]",5,"Sorcery","Rare","","",""
"e65aae37-20bc-5499-aee4-c1f30832f7b0","Vampire Bats","[""B""]",1,"Creature — Bat","Common","","",""
"e691cb00-dabd-51ec-a678-6227dddb7b80","Threaten","[""R""]",3,"Sorcery","Uncommon","","",""
"e732ba9a-fdfa-50a3-80a4-d91af06d575e","Smash","[""R""]",3,"Instant","Common","","",""
"e737e5cd-43e1-5a29-a977-fbb673c6367c","Rushwood Dryad","[""G""]",2,"Creature — Dryad","Common","","",""
"e77dbe8c-5878-5881-b5f3-8203af673278","Cruel Edict","[""B""]",2,"Sorcery","Uncommon","","",""
"e8650f78-41cc-562b-b18a-b20207d716e5","Goblin King","[""R""]",3,"Creature — Goblin","Rare","","",""
"e9397b67-e88c-5f8b-9839-b8887bb9c1bf","Giant Spider","[""G""]",4,"Creature — Spider","Common","","",""
"e9435188-40bd-54c7-938f-798459b038ed","Diabolic Tutor","[""B""]",4,"Sorcery","Uncommon","","",""
"e9cf9c31-aa62-53f4-bff2-71cd5e2f4004","Severed Legion","[""B""]",3,"Creature — Zombie","Common","","",""
"ea9feb69-1c09-5d99-a920-54760fd7fd0a","Mantis Engine","null",5,"Artifact Creature — Insect","Uncommon","","",""
"eb5c94c7-5494-5669-9c54-6f3672d65683","Counsel of the Soratami","[""U""]",3,"Sorcery","Common","","",""
"ec5227b0-8cbd-5cad-a27e-32a798a3ae0a","Knight of Dusk","[""B""]",3,"Creature — Human Knight","Uncommon","","",""
"ec55586c-f4ae-5085-a6f0-20200af2ba76","Tangle Spider","[""G""]",6,"Creature — Spider","Uncommon","","",""
"ec72e59f-bc37-50fd-a1b5-3afac5a402b3","Swamp","null",0,"Basic Land — Swamp","Common","","",""
"ecf2b08e-7eca-5f13-a9f7-7a915ee259f5","Starlight Invoker","[""W""]",2,"Creature — Human Cleric Mutant","Uncommon","","",""
"edc4b78a-6130-5fd4-b5ff-c46850e2b957","Goblin Sky Raider","[""R""]",3,"Creature — Goblin Warrior","Common","","",""
"ede09d78-f4b5-59eb-8356-dd125323f74f","Tundra Wolves","[""W""]",1,"Creature — Wolf","Common","","",""
"eee00aa2-c730-5ff1-84a9-51d95a9fe180","Rule of Law","[""W""]",3,"Enchantment","Uncommon","","",""
"eef8487a-450f-5e19-b9f1-2886839d02ec","Icy Manipulator","null",4,"Artifact","Uncommon","","",""
"efaa7c3d-c5e0-5346-b3b2-c6a3d132c27a","Bog Wraith","[""B""]",4,"Creature — Wraith","Uncommon","","",""
"efdd5367-9393-54c1-a6b8-c7810ee87ed5","Beacon of Unrest","[""B""]",5,"Sorcery","Rare","","",""
"efe6103c-6a3e-5ed0-a689-81a2efe4273b","Luminesce","[""W""]",1,"Instant","Uncommon","","",""
"f180c680-0dc9-5132-a713-65fdc4eefa75","Grave Pact","[""B""]",4,"Enchantment","Rare","","",""
"f1eba89f-dd82-5843-80a9-e9b2cd3a6037","Rootwater Commando","[""U""]",3,"Creature — Merfolk","Common","","",""
"f286fe97-e2ad-5a5a-8e7f-0caa9dc898b4","Suntail Hawk","[""W""]",1,"Creature — Bird","Common","","",""
"f37b2caa-03c5-51ec-a02a-c2e5311a9fd5","Remove Soul","[""U""]",2,"Instant","Common","","",""
"f39b4446-0ca6-5446-8507-4b1ba37bb3e7","Hypnotic Specter","[""B""]",3,"Creature — Specter","Rare","","",""
"f44e0c48-1740-5e18-859f-4e4615f3a3b1","Tempest of Light","[""W""]",3,"Instant","Uncommon","","",""
"f4670242-6ae0-5ec4-872d-391386bb026b","Scalpelexis","[""U""]",5,"Creature — Beast","Rare","","",""
"f49300ef-efa0-5b82-ace3-f2f06795fbd5","Fear","[""B""]",2,"Enchantment — Aura","Common","","",""
"f4937944-9439-5887-85e0-fc3705243da8","Youthful Knight","[""W""]",2,"Creature — Human Knight","Common","","",""
"f4cf6831-f6af-51c9-af91-1246830ae0fd","Ravenous Rats","[""B""]",2,"Creature — Rat","Common","","",""
"f4cf6ecc-c308-5d3f-8358-ab273f375a68","Overgrowth","[""G""]",3,"Enchantment — Aura","Common","","",""
"f4ee3e9e-21da-5a63-8278-3efa59da7df3","Denizen of the Deep","[""U""]",8,"Creature — Serpent","Rare","","",""
"f560811b-3c5d-5929-8b17-e9ae8730cec1","Nekrataal","[""B""]",4,"Creature — Human Assassin","Uncommon","","",""
"f58e52e4-ab1c-5ccf-a751-5d174e5138a2","Highway Robber","[""B""]",4,"Creature — Human Mercenary","Common","","",""
"f6226c44-1f81-530a-9dda-8a63b412c727","Arcane Teachings","[""R""]",3,"Enchantment — Aura","Uncommon","","",""
"f76ee94d-b1a1-5c9f-bdc8-4bf659844cd8","Rootwater Commando","[""U""]",3,"Creature — Merfolk","Common","","",""
"f7aa8817-24f8-5dbb-a726-353611565ffe","Viashino Runner","[""R""]",4,"Creature — Viashino","Common","","",""
"f8084160-8edf-58fa-b453-81daf28278d0","Goblin Lore","[""R""]",2,"Sorcery","Uncommon","","",""
"f82185b9-c5c6-50f3-a681-0241e7d52503","Overgrowth","[""G""]",3,"Enchantment — Aura","Common","","",""
"f83c4766-5cf2-5ccb-943c-3c938b78c7b4","Karplusan Strider","[""G""]",4,"Creature — Yeti","Uncommon","","",""
"f90fe5cb-ee47-51f2-8a8c-3ced26f1b446","Flashfreeze","[""U""]",2,"Instant","Uncommon","","",""
"f92a05a7-c0b3-5136-92c2-a8b6b6531bf3","Overrun","[""G""]",5,"Sorcery","Uncommon","","",""
"f9be8a22-a0cb-54e3-adbd-97fc4a5a3b8e","Phyrexian Rager","[""B""]",3,"Creature — Phyrexian Horror","Common","","",""
"fac6ad26-f8c2-51bd-9f6a-a1b0940b4cef","Aura of Silence","[""W""]",3,"Enchantment","Uncommon","","",""
"fadda48c-6226-5ac5-a2b9-e9170d2017cd","Angelic Wall","[""W""]",2,"Creature — Wall","Common","","",""
"fbd203a0-5dbc-578e-8b26-0a6569bda0c7","Drudge Skeletons","[""B""]",2,"Creature — Skeleton","Uncommon","","",""
"fc96da15-9362-585a-b555-f7a7e5480e8b","Rootwater Matriarch","[""U""]",4,"Creature — Merfolk","Rare","","",""
"fd50dffd-b4d8-5956-9fec-b454fd1fef06","Rain of Tears","[""B""]",3,"Sorcery","Uncommon","","",""
"fdbec3b3-f6f2-5149-a70a-4f9d2622a87b","Cloud Sprite","[""U""]",1,"Creature — Faerie","Common","","",""
"fdfd9504-cf9b-5fec-81ba-fd23f2e509d6","Llanowar Sentinel","[""G""]",3,"Creature — Elf","Common","","",""
"fe9187fa-cd14-5618-9a62-bcf18b523d84","Serra's Embrace","[""W""]",4,"Enchantment — Aura","Uncommon","","",""
"fea2ad06-355d-5a9a-822d-66275d89cad9","Dross Crocodile","[""B""]",4,"Creature — Zombie Crocodile","Common","","",""
"fefca4a6-440f-56be-ba90-b8587c55d347","Wall of Swords","[""W""]",4,"Creature — Wall","Uncommon","","",""
"ff703e3a-4ea3-59d6-99e5-02c4db74f035","Shivan Reef","null",0,"Land","Rare","","",""
"ffe80735-543f-53c2-9e48-ee66c78d7393","Coat of Arms","null",5,"Artifact","Rare","","",""
